[
  {
    "host": "einverne.github.io",
    "port": 443
  },
  {
    "host": "gapis.geekzu.org",
    "port": 443
  },
  {
    "host": "eastasia-0.in.applicationinsights.azure.com",
    "port": 443
  },
  {
    "host": "digitalocean.github.io",
    "port": 443
  },
  {
    "host": "c2rsetup.officeapps.live.com",
    "port": 443
  },
  {
    "host": "secure.gravatar.com",
    "port": 443
  },
  {
    "host": "camo.githubusercontent.com",
    "port": 443
  },
  {
    "host": "github.com",
    "port": 22
  },
  {
    "host": "user-images.githubusercontent.com",
    "port": 443
  },
  {
    "host": "curbengh.github.io",
    "port": 443
  },
  {
    "host": "docs.github.com",
    "port": 443
  },
  {
    "host": "github.com",
    "port": 443
  },
  {
    "host": "codeload.github.com",
    "port": 443
  },
  {
    "host": "help.github.com",
    "port": 443
  },
  {
    "host": "psg3-word-view.officeapps.live.com",
    "port": 443
  },
  {
    "host": "central.github.com",
    "port": 443
  },
  {
    "host": "openwrt.github.io",
    "port": 443
  },
  {
    "host": "ajax.aspnetcdn.com",
    "port": 443
  },
  {
    "host": "login.live.com",
    "port": 443
  },
  {
    "host": "ocws.officeapps.live.com",
    "port": 443
  },
  {
    "host": "github.githubassets.com",
    "port": 443
  },
  {
    "host": "devtools.azureedge.net",
    "port": 443
  },
  {
    "host": "xpaywalletcdn.azureedge.net",
    "port": 443
  },
  {
    "host": "microsoft.github.io",
    "port": 443
  },
  {
    "host": "blog.cloudflare.com",
    "port": 443
  },
  {
    "host": "loecom.github.io",
    "port": 443
  },
  {
    "host": "g.live.com",
    "port": 443
  },
  {
    "host": "xiangyuecn.github.io",
    "port": 443
  },
  {
    "host": "edge-consumer-static.azureedge.net",
    "port": 443
  },
  {
    "host": "app.vssps.visualstudio.com",
    "port": 443
  },
  {
    "host": "education.github.com",
    "port": 443
  },
  {
    "host": "edge-cloud-resource-static.azureedge.net",
    "port": 443
  },
  {
    "host": "aadcdn.msftauth.net",
    "port": 443
  },
  {
    "host": "gist.github.com",
    "port": 443
  },
  {
    "host": "edgeassetservice.azureedge.net",
    "port": 443
  },
  {
    "host": "alive.github.com",
    "port": 443
  },
  {
    "host": "ols.officeapps.live.com",
    "port": 443
  },
  {
    "host": "edgestatic.azureedge.net",
    "port": 443
  },
  {
    "host": "api.github.com",
    "port": 443
  },
  {
    "host": "cloud.githubusercontent.com",
    "port": 443
  },
  {
    "host": "js.monitor.azure.com",
    "port": 443
  },
  {
    "host": "speed.cloudflare.com",
    "port": 443
  },
  {
    "host": "s3.amazonaws.com",
    "port": 443
  },
  {
    "host": "ublockorigin.github.io",
    "port": 443
  },
  {
    "host": "storage.live.com",
    "port": 443
  },
  {
    "host": "edgestorewebpme.azureedge.net",
    "port": 443
  },
  {
    "host": "outlook.live.com",
    "port": 443
  },
  {
    "host": "speed.ilink-tk.com",
    "port": 443
  },
  {
    "host": "rixiacloud.github.io",
    "port": 443
  },
  {
    "host": "pjp1-collabhubrtc.officeapps.live.com",
    "port": 443
  },
  {
    "host": "githubstatus.com",
    "port": 443
  },
  {
    "host": "developers.cloudflare.com",
    "port": 443
  },
  {
    "host": "xpaywalletcdn-prod.azureedge.net",
    "port": 443
  },
  {
    "host": "raw.githubusercontent.com",
    "port": 443
  },
  {
    "host": "marketplace.visualstudio.com",
    "port": 443
  },
  {
    "host": "www.fastly.net",
    "port": 443
  },
  {
    "host": "viewscreen.githubusercontent.com",
    "port": 443
  },
  {
    "host": "portal.azure.com",
    "port": 443
  },
  {
    "host": "github.com",
    "port": 9418
  },
  {
    "host": "vfarid.github.io",
    "port": 443
  },
  {
    "host": "github-production-upload-manifest-file-7fdce7.s3.amazonaws.com",
    "port": 443
  },
  {
    "host": "ca3-excel-collab.officeapps.live.com",
    "port": 443
  },
  {
    "host": "www.cloudflare.com",
    "port": 443
  },
  {
    "host": "www.gravatar.com",
    "port": 443
  },
  {
    "host": "analytics.githubassets.com",
    "port": 443
  },
  {
    "host": "roaming.officeapps.live.com",
    "port": 443
  },
  {
    "host": "objects.githubusercontent.com",
    "port": 443
  },
  {
    "host": "aadcdn.msauth.net",
    "port": 443
  },
  {
    "host": "management.azure.com",
    "port": 443
  },
  {
    "host": "odc.officeapps.live.com",
    "port": 443
  },
  {
    "host": "fonts.geekzu.org",
    "port": 443
  },
  {
    "host": "collector.github.com",
    "port": 443
  },
  {
    "host": "update.code.visualstudio.com",
    "port": 443
  },
  {
    "host": "repository-images.githubusercontent.com",
    "port": 443
  },
  {
    "host": "client.hip.live.com",
    "port": 443
  },
  {
    "host": "media.githubusercontent.com",
    "port": 443
  },
  {
    "host": "challenges.cloudflare.com",
    "port": 443
  },
  {
    "host": "code.visualstudio.com",
    "port": 443
  },
  {
    "host": "az667904.vo.msecnd.net",
    "port": 443
  },
  {
    "host": "dev.azure.com",
    "port": 443
  },
  {
    "host": "nexusrules.officeapps.live.com",
    "port": 443
  },
  {
    "host": "dash.cloudflare.com",
    "port": 80
  },
  {
    "host": "login.microsoftonline.com",
    "port": 443
  },
  {
    "host": "pypi-camo.freetls.fastly.net",
    "port": 443
  },
  {
    "host": "github-production-user-asset-6210df.s3.amazonaws.com",
    "port": 443
  },
  {
    "host": "graph.windows.net",
    "port": 443
  },
  {
    "host": "desktop.githubusercontent.com",
    "port": 443
  },
  {
    "host": "catalogapi.azure.com",
    "port": 443
  },
  {
    "host": "dash.cloudflare.com",
    "port": 443
  },
  {
    "host": "opengraph.githubassets.com",
    "port": 443
  },
  {
    "host": "cac-excel-collab.officeapps.live.com",
    "port": 443
  },
  {
    "host": "crazypeace.github.io",
    "port": 443
  },
  {
    "host": "pages.github.com",
    "port": 443
  },
  {
    "host": "cac-collabrtc.officeapps.live.com",
    "port": 443
  },
  {
    "host": "github.com",
    "port": 80
  },
  {
    "host": "easytier.github.io",
    "port": 443
  },
  {
    "host": "copilot-telemetry.githubusercontent.com",
    "port": 443
  },
  {
    "host": "cdnjs.cloudflare.com",
    "port": 443
  },
  {
    "host": "cn.gravatar.com",
    "port": 443
  },
  {
    "host": "private-user-images.githubusercontent.com",
    "port": 443
  },
  {
    "host": "spsprodsea1.vssps.visualstudio.com",
    "port": 443
  },
  {
    "host": "avatars.githubusercontent.com",
    "port": 443
  },
  {
    "host": "desktop.github.com",
    "port": 443
  },
  {
    "host": "westus-0.in.applicationinsights.azure.com",
    "port": 443
  },
  {
    "host": "www.github.com",
    "port": 443
  },
  {
    "host": "xpayeccdn.azureedge.net",
    "port": 443
  },
  {
    "host": "oauth.officeapps.live.com",
    "port": 443
  },
  {
    "host": "sendvsfeedback2.azurewebsites.net",
    "port": 443
  },
  {
    "host": "stripe-camo.global.ssl.fastly.net",
    "port": 443
  },
  {
    "host": "mrodevicemgr.officeapps.live.com",
    "port": 443
  },
  {
    "host": "csp-reporting.cloudflare.com",
    "port": 443
  },
  {
    "host": "gates.cloudflare.com",
    "port": 443
  },
  {
    "host": "wallet-static.azureedge.net",
    "port": 443
  },
  {
    "host": "concierge.live.com",
    "port": 443
  },
  {
    "host": "view.officeapps.live.com",
    "port": 443
  },
  {
    "host": "edge-mobile-static.azureedge.net",
    "port": 443
  },
  {
    "host": "www.google.com",
    "port": 443
  }
]